Model,Precision(B),Recall(B),mAP50(B),mAP50-95(B),Inference(ms),Parameters(M),GFLOPs,Stability(val/loss)
YOLOv8n,0.7659749579076552,0.43482424448558943,0.47106754481176266,0.3058546551987741,4.832102007932267,N/A,N/A,N/A
YOLOv9t,0.8639338378826317,0.43530850404027194,0.5171263678997196,0.3424154998008081,5.225534939773317,N/A,N/A,N/A
YOLOv9s,0.7807430390279269,0.5150344166822584,0.6424520178477159,0.4143569748991516,6.395064257081817,N/A,N/A,N/A
YOLOv9m,0.7347775602895678,0.603177414359087,0.6617920398235219,0.4093698468252832,7.654565461863573,N/A,N/A,N/A
YOLOv9c,0.7589843141656838,0.6041905348793344,0.6721983375922246,0.45170608804309254,8.385227710770932,N/A,N/A,N/A
YOLOv9e,0.7184211468613101,0.5504602143165622,0.5840868395498993,0.36978291219228077,18.50805742965696,N/A,N/A,N/A
YOLOv10n,0.655019943909257,0.4735936571436854,0.4573629828981273,0.29932452046587493,3.6499606425327857,N/A,N/A,N/A
YOLOv11n,0.8038890907143657,0.37929062130055957,0.4706989014141246,0.30095595135701775,3.881984337341241,N/A,N/A,N/A
YOLOv12n,0.8107553980126332,0.43351348105446463,0.499800912625105,0.33121951327626564,4.3483618474750125,N/A,N/A,N/A
