Model,Precision(B),Recall(B),mAP50(B),mAP50-95(B),Inference(ms),Parameters(M),GFLOPs,Stability(val/loss)
yolov5nu,0.8507233811336562,0.4433232360009775,0.5242856453277772,0.3527771982333826,4.31244096382515,N/A,N/A,N/A
yolov5xu,0.7806382786941363,0.5882112732450924,0.6171855846206927,0.3968718159291768,14.058174698827012,N/A,N/A,N/A
