Model,Precision(B),Recall(B),mAP50(B),mAP50-95(B)
YOLOv8n,0.6401848514283965,0.578888442233117,0.6422082659788135,0.4288652337587637
YOLOv9t,0.7088277321117371,0.6449953910639642,0.6764671682941736,0.42558331948692685
YOLOv9s,0.8358849908684546,0.5740941203156567,0.712971486880581,0.47279640007802404
YOLOv9m,0.7056841908622526,0.7768883832960951,0.7912559233918073,0.5125590703771103
YOLOv9c,0.8199344829445661,0.6214366286108554,0.7439415547140049,0.4842082084002024
YOLOv9e,0.6611364485754179,0.6666404934805161,0.7278515944343992,0.44321747837499204
YOLOv10n,0.7061560812824841,0.5630141953304217,0.6230424797576258,0.3585815718179328
YOLOv11n,0.7566533718651371,0.5580146180643185,0.6539177752319277,0.4108494905498646
YOLOv12n,0.508337243694513,0.6812112552983101,0.6030051822814165,0.3789304117578537
